"customerID","gender","Contract","estrato",".pred_Yes","ID_unit","Prob","Stratum","factor"
"9305-CDSKC","Female","Month-to-month","1-1",0.721435468920166,1,0.429487179487179,1,2.32835820895522
"6713-OKOMC","Female","Month-to-month","1-1",0.276614138340388,2,0.429487179487179,1,2.32835820895522
"4183-MYFRB","Female","Month-to-month","1-1",0.480761196346385,3,0.429487179487179,1,2.32835820895522
"4080-IIARD","Female","Month-to-month","1-1",0.377121551786933,4,0.429487179487179,1,2.32835820895522
"5919-TMRGD","Female","Month-to-month","1-1",0.875670174405423,6,0.429487179487179,1,2.32835820895522
"8108-UXRQN","Female","Month-to-month","1-1",0.291233388346357,7,0.429487179487179,1,2.32835820895522
"6067-NGCEU","Female","Month-to-month","1-1",0.316311758648128,8,0.429487179487179,1,2.32835820895522
"5712-AHQNN","Female","Month-to-month","1-1",0.212997633890778,9,0.429487179487179,1,2.32835820895522
"4846-WHAFZ","Female","Month-to-month","1-1",0.397884343396853,10,0.429487179487179,1,2.32835820895522
"4412-YLTKF","Female","Month-to-month","1-1",0.404202743472235,11,0.429487179487179,1,2.32835820895522
"4080-OGPJL","Female","Month-to-month","1-1",0.408626284221358,12,0.429487179487179,1,2.32835820895522
"7825-ECJRF","Female","Month-to-month","1-1",0.561212979166668,14,0.429487179487179,1,2.32835820895522
"4195-NZGTA","Female","Month-to-month","1-1",0.382364075909242,15,0.429487179487179,1,2.32835820895522
"9408-SSNVZ","Female","Month-to-month","1-1",0.509892559660305,16,0.429487179487179,1,2.32835820895522
"4572-DVCGN","Female","Month-to-month","1-1",0.534274816528656,21,0.429487179487179,1,2.32835820895522
"5233-AOZUF","Female","Month-to-month","1-1",0.271751247818289,23,0.429487179487179,1,2.32835820895522
"9399-APLBT","Female","Month-to-month","1-1",0.703023632837271,25,0.429487179487179,1,2.32835820895522
"4612-SSVHJ","Female","Month-to-month","1-1",0.587786240974555,26,0.429487179487179,1,2.32835820895522
"6778-YSNIH","Female","Month-to-month","1-1",0.402597985425509,27,0.429487179487179,1,2.32835820895522
"6235-VDHOM","Female","Month-to-month","1-1",0.584887238549122,29,0.429487179487179,1,2.32835820895522
"7803-XOCCZ","Female","Month-to-month","1-1",0.232113959222461,31,0.429487179487179,1,2.32835820895522
"6825-UYPFK","Female","Month-to-month","1-1",0.263500072055162,33,0.429487179487179,1,2.32835820895522
"2866-IKBTM","Female","Month-to-month","1-1",0.304053227005205,34,0.429487179487179,1,2.32835820895522
"3003-CMDUU","Female","Month-to-month","1-1",0.396167733836611,38,0.429487179487179,1,2.32835820895522
"3859-CVCET","Female","Month-to-month","1-1",0.460957110466651,40,0.429487179487179,1,2.32835820895522
"3276-HDUEG","Female","Month-to-month","1-1",0.707068558406101,41,0.429487179487179,1,2.32835820895522
"0822-GAVAP","Female","Month-to-month","1-1",0.514397808339397,42,0.429487179487179,1,2.32835820895522
"2480-JZOSN","Female","Month-to-month","1-1",0.330788564824755,43,0.429487179487179,1,2.32835820895522
"6786-OBWQR","Female","Month-to-month","1-1",0.696322746261734,44,0.429487179487179,1,2.32835820895522
"6923-JHPMP","Female","Month-to-month","1-1",0.816630303220579,46,0.429487179487179,1,2.32835820895522
"1635-FJFCC","Female","Month-to-month","1-1",0.40348133783061,47,0.429487179487179,1,2.32835820895522
"1894-IGFSG","Female","Month-to-month","1-1",0.455874262991437,48,0.429487179487179,1,2.32835820895522
"4718-DHSMV","Female","Month-to-month","1-1",0.456762988394675,49,0.429487179487179,1,2.32835820895522
"7521-AFHAB","Female","Month-to-month","1-1",0.387376426342668,50,0.429487179487179,1,2.32835820895522
"4257-GAESD","Female","Month-to-month","1-1",0.310547207339119,51,0.429487179487179,1,2.32835820895522
"2123-AGEEN","Female","Month-to-month","1-1",0.690550746131037,52,0.429487179487179,1,2.32835820895522
"1051-GEJLJ","Female","Month-to-month","1-1",0.297038083037222,53,0.429487179487179,1,2.32835820895522
"6103-BOCOU","Female","Month-to-month","1-1",0.409063727264207,54,0.429487179487179,1,2.32835820895522
"4824-GUCBY","Female","Month-to-month","1-1",0.521051959219943,55,0.429487179487179,1,2.32835820895522
"9369-XFEHK","Female","Month-to-month","1-1",0.428586956761993,59,0.429487179487179,1,2.32835820895522
"2604-XVDAM","Female","Month-to-month","1-1",0.285093554759144,60,0.429487179487179,1,2.32835820895522
"6641-XRPSU","Female","Month-to-month","1-1",0.323112073713309,61,0.429487179487179,1,2.32835820895522
"7296-PIXQY","Female","Month-to-month","1-1",0.273986861498834,63,0.429487179487179,1,2.32835820895522
"5669-SRAIP","Female","Month-to-month","1-1",0.532457157553126,65,0.429487179487179,1,2.32835820895522
"6941-PMGEP","Female","Month-to-month","1-1",0.698795561205724,66,0.429487179487179,1,2.32835820895522
"1624-WOIWJ","Female","Month-to-month","1-1",0.547722373771205,67,0.429487179487179,1,2.32835820895522
"6166-ILMNY","Female","Month-to-month","1-1",0.635621645215317,68,0.429487179487179,1,2.32835820895522
"7627-JKIAZ","Female","Month-to-month","1-1",0.369309223672922,69,0.429487179487179,1,2.32835820895522
"3522-CDKHF","Female","Month-to-month","1-1",0.367288883772569,70,0.429487179487179,1,2.32835820895522
"0411-EZJZE","Female","Month-to-month","1-1",0.357054021934272,71,0.429487179487179,1,2.32835820895522
"5334-JLAXU","Female","Month-to-month","1-1",0.277006782631457,72,0.429487179487179,1,2.32835820895522
"4086-YQSNZ","Female","Month-to-month","1-1",0.773050088009924,73,0.429487179487179,1,2.32835820895522
"6242-MBHPK","Female","Month-to-month","1-1",0.646365382324567,74,0.429487179487179,1,2.32835820895522
"1373-ORVIZ","Female","Month-to-month","1-1",0.211138680956394,76,0.429487179487179,1,2.32835820895522
"6581-NQCBA","Female","Month-to-month","1-1",0.281957528216549,78,0.429487179487179,1,2.32835820895522
"9408-HRXRK","Female","Month-to-month","1-1",0.498634453361264,81,0.429487179487179,1,2.32835820895522
"7321-PKUYW","Female","Month-to-month","1-1",0.621629826550191,82,0.429487179487179,1,2.32835820895522
"7595-EUIVN","Female","Month-to-month","1-1",0.72227418004946,83,0.429487179487179,1,2.32835820895522
"4030-VPZBD","Female","Month-to-month","1-1",0.377396990665531,84,0.429487179487179,1,2.32835820895522
"4741-WWJQZ","Female","Month-to-month","1-1",0.794638614572764,85,0.429487179487179,1,2.32835820895522
"6818-WOBHJ","Female","Month-to-month","1-1",0.298567175201512,87,0.429487179487179,1,2.32835820895522
"1251-STYSZ","Female","Month-to-month","1-1",0.749361832858737,88,0.429487179487179,1,2.32835820895522
"6729-GDNGC","Female","Month-to-month","1-1",0.612222774429247,89,0.429487179487179,1,2.32835820895522
"2845-HSJCY","Female","Month-to-month","1-1",0.586447111580061,90,0.429487179487179,1,2.32835820895522
"5419-CONWX","Female","Month-to-month","1-1",0.853601712250412,92,0.429487179487179,1,2.32835820895522
"8785-CJSHH","Female","Month-to-month","1-1",0.310872096478779,93,0.429487179487179,1,2.32835820895522
"9052-VKDUW","Female","Month-to-month","1-1",0.325568760041584,94,0.429487179487179,1,2.32835820895522
"9546-CQJSU","Female","Month-to-month","1-1",0.58741481836575,95,0.429487179487179,1,2.32835820895522
"3128-YOVTD","Female","Month-to-month","1-1",0.256980998401595,97,0.429487179487179,1,2.32835820895522
"2811-POVEX","Female","Month-to-month","1-1",0.553873146744814,98,0.429487179487179,1,2.32835820895522
"0661-XEYAN","Female","Month-to-month","1-1",0.592672726992384,99,0.429487179487179,1,2.32835820895522
"8519-QJGJD","Female","Month-to-month","1-1",0.341550377920461,101,0.429487179487179,1,2.32835820895522
"7776-QGYJC","Female","Month-to-month","1-1",0.350571691559777,102,0.429487179487179,1,2.32835820895522
"8017-LXHFA","Female","Month-to-month","1-1",0.642343254853617,105,0.429487179487179,1,2.32835820895522
"4829-AUOAX","Female","Month-to-month","1-1",0.308321094094321,108,0.429487179487179,1,2.32835820895522
"9659-QEQSY","Female","Month-to-month","1-1",0.46196697643648,109,0.429487179487179,1,2.32835820895522
"5405-ZMYXQ","Female","Month-to-month","1-1",0.504840255016219,110,0.429487179487179,1,2.32835820895522
"6311-UEUME","Female","Month-to-month","1-1",0.435077308747765,111,0.429487179487179,1,2.32835820895522
"4116-TZAQJ","Female","Month-to-month","1-1",0.479420749107357,113,0.429487179487179,1,2.32835820895522
"7551-JOHTI","Female","Month-to-month","1-1",0.298761354568253,114,0.429487179487179,1,2.32835820895522
"3198-VELRD","Female","Month-to-month","1-1",0.733509031657826,115,0.429487179487179,1,2.32835820895522
"1803-BGNBD","Female","Month-to-month","1-1",0.308113668014609,116,0.429487179487179,1,2.32835820895522
"7279-BUYWN","Female","Month-to-month","1-1",0.532144722361259,117,0.429487179487179,1,2.32835820895522
"8623-ULFNQ","Female","Month-to-month","1-1",0.308796740065109,118,0.429487179487179,1,2.32835820895522
"2070-XYMFH","Female","Month-to-month","1-1",0.496464324272012,119,0.429487179487179,1,2.32835820895522
"4911-BANWH","Female","Month-to-month","1-1",0.304801847514131,120,0.429487179487179,1,2.32835820895522
"7054-LGEQW","Female","Month-to-month","1-1",0.528695955262917,122,0.429487179487179,1,2.32835820895522
"0923-PNFUB","Female","Month-to-month","1-1",0.680917116557949,123,0.429487179487179,1,2.32835820895522
"8840-DQLGN","Female","Month-to-month","1-1",0.465204717990766,124,0.429487179487179,1,2.32835820895522
"6689-TCZHQ","Female","Month-to-month","1-1",0.72518825477048,125,0.429487179487179,1,2.32835820895522
"4720-VSTSI","Female","Month-to-month","1-1",0.291090599948076,126,0.429487179487179,1,2.32835820895522
"5882-CMAZQ","Female","Month-to-month","1-1",0.491167496884586,128,0.429487179487179,1,2.32835820895522
"0348-SDKOL","Female","Month-to-month","1-1",0.30887486470707,129,0.429487179487179,1,2.32835820895522
"8901-HJXTF","Female","Month-to-month","1-1",0.254401368130886,130,0.429487179487179,1,2.32835820895522
"8000-REIQB","Female","Month-to-month","1-1",0.72148737371393,133,0.429487179487179,1,2.32835820895522
"7020-OZKXZ","Female","Month-to-month","1-1",0.565339504828951,134,0.429487179487179,1,2.32835820895522
"7065-YUNRY","Female","Month-to-month","1-1",0.507682167069675,135,0.429487179487179,1,2.32835820895522
"5349-AZPEW","Female","Month-to-month","1-1",0.347472667301619,136,0.429487179487179,1,2.32835820895522
"3753-TSEMP","Female","Month-to-month","1-1",0.619649500027425,137,0.429487179487179,1,2.32835820895522
"7361-YPXFS","Female","Month-to-month","1-1",0.271070704671133,138,0.429487179487179,1,2.32835820895522
"2538-OIMXF","Female","Month-to-month","1-1",0.398032203098734,139,0.429487179487179,1,2.32835820895522
"2038-LLMLM","Female","Month-to-month","1-1",0.491398692124472,140,0.429487179487179,1,2.32835820895522
"6356-ELRKD","Female","Month-to-month","1-1",0.746885761199469,141,0.429487179487179,1,2.32835820895522
"4897-QSUYC","Female","Month-to-month","1-1",0.40959989369392,142,0.429487179487179,1,2.32835820895522
"8160-HOWOX","Female","Month-to-month","1-1",0.209857157076256,144,0.429487179487179,1,2.32835820895522
"3023-GFLBR","Female","Month-to-month","1-1",0.295543128822895,145,0.429487179487179,1,2.32835820895522
"2737-YNGYW","Female","Month-to-month","1-1",0.78674618861494,148,0.429487179487179,1,2.32835820895522
"7181-BQYBV","Female","Month-to-month","1-1",0.741985177485801,151,0.429487179487179,1,2.32835820895522
"9537-VHDTA","Female","Month-to-month","1-1",0.535336795939159,153,0.429487179487179,1,2.32835820895522
"6204-IEUXJ","Female","Month-to-month","1-1",0.782596634153646,154,0.429487179487179,1,2.32835820895522
"0151-ONTOV","Female","Month-to-month","1-1",0.721500834527927,155,0.429487179487179,1,2.32835820895522
"0015-UOCOJ","Female","Month-to-month","1-1",0.504688724102071,156,0.429487179487179,1,2.32835820895522
"2754-SDJRD","Female","Month-to-month","1-1",0.817903373840144,157,0.429487179487179,1,2.32835820895522
"2135-DQWAQ","Female","Month-to-month","1-1",0.784848173242585,158,0.429487179487179,1,2.32835820895522
"8552-OBVRU","Female","Month-to-month","1-1",0.457346546032551,159,0.429487179487179,1,2.32835820895522
"8739-XNIKG","Female","Month-to-month","1-1",0.757484165050143,160,0.429487179487179,1,2.32835820895522
"0235-KGSLC","Female","Month-to-month","1-1",0.783064412972136,161,0.429487179487179,1,2.32835820895522
"5141-ZUVBH","Female","Month-to-month","1-1",0.68689226776897,162,0.429487179487179,1,2.32835820895522
"7548-SEPYI","Female","Month-to-month","1-1",0.764983745328621,163,0.429487179487179,1,2.32835820895522
"9050-IKDZA","Female","Month-to-month","1-1",0.784505832079451,165,0.429487179487179,1,2.32835820895522
"0187-WZNAB","Female","Month-to-month","1-1",0.207180756388367,166,0.429487179487179,1,2.32835820895522
"1197-BVMVG","Female","Month-to-month","1-1",0.691908947196526,167,0.429487179487179,1,2.32835820895522
"4526-ZJJTM","Female","Month-to-month","1-1",0.550680409555259,169,0.429487179487179,1,2.32835820895522
"8384-FZBJK","Female","Month-to-month","1-1",0.329922543736465,170,0.429487179487179,1,2.32835820895522
"1550-EENBN","Female","Month-to-month","1-1",0.455438633134616,171,0.429487179487179,1,2.32835820895522
"0137-OCGAB","Female","Month-to-month","1-1",0.850470432530012,172,0.429487179487179,1,2.32835820895522
"4588-YBNIB","Female","Month-to-month","1-1",0.310149200140302,173,0.429487179487179,1,2.32835820895522
"2792-LSHWX","Female","Month-to-month","1-1",0.768999751734896,174,0.429487179487179,1,2.32835820895522
"9565-DJPIB","Female","Month-to-month","1-1",0.552830497847284,175,0.429487179487179,1,2.32835820895522
"1855-CFULU","Female","Month-to-month","1-1",0.59118887961641,176,0.429487179487179,1,2.32835820895522
"8510-AWCXC","Female","Month-to-month","1-1",0.721691085271209,180,0.429487179487179,1,2.32835820895522
"4236-UJPWO","Female","Month-to-month","1-1",0.397065202300679,181,0.429487179487179,1,2.32835820895522
"3518-PZXZQ","Female","Month-to-month","1-1",0.482377701853059,182,0.429487179487179,1,2.32835820895522
"0924-BJCRC","Female","Month-to-month","1-1",0.364424126585874,183,0.429487179487179,1,2.32835820895522
"0415-MOSGF","Female","Month-to-month","1-1",0.485256397464107,184,0.429487179487179,1,2.32835820895522
"5624-BQSSA","Female","Month-to-month","1-1",0.313760391010422,185,0.429487179487179,1,2.32835820895522
"6366-XIVKZ","Female","Month-to-month","1-1",0.216600971571493,186,0.429487179487179,1,2.32835820895522
"0709-TVGUR","Female","Month-to-month","1-1",0.547656503243946,187,0.429487179487179,1,2.32835820895522
"0058-EVZWM","Female","Month-to-month","1-1",0.203786986646854,188,0.429487179487179,1,2.32835820895522
"1575-KRZZE","Female","Month-to-month","1-1",0.36837377236665,189,0.429487179487179,1,2.32835820895522
"2002-MZHWP","Female","Month-to-month","1-1",0.339485466209864,190,0.429487179487179,1,2.32835820895522
"6985-HAYWX","Female","Month-to-month","1-1",0.384209001847813,191,0.429487179487179,1,2.32835820895522
"0495-RVCBF","Female","Month-to-month","1-1",0.867309409038495,193,0.429487179487179,1,2.32835820895522
"7742-MYPGI","Female","Month-to-month","1-1",0.42637182778367,195,0.429487179487179,1,2.32835820895522
"3404-JNXAX","Female","Month-to-month","1-1",0.258768842036955,196,0.429487179487179,1,2.32835820895522
"3677-IYRBF","Female","Month-to-month","1-1",0.584798535656102,200,0.429487179487179,1,2.32835820895522
"5692-FPTAH","Female","Month-to-month","1-1",0.510798170309114,201,0.429487179487179,1,2.32835820895522
"0876-WDUUZ","Female","Month-to-month","1-1",0.785051203375134,203,0.429487179487179,1,2.32835820895522
"1666-JXLKU","Female","Month-to-month","1-1",0.413200302378901,204,0.429487179487179,1,2.32835820895522
"4250-FDVOU","Female","Month-to-month","1-1",0.239488933196986,205,0.429487179487179,1,2.32835820895522
"6032-IGALN","Female","Month-to-month","1-1",0.385336628153448,206,0.429487179487179,1,2.32835820895522
"9754-CLVZW","Female","Month-to-month","1-1",0.215795883707026,209,0.429487179487179,1,2.32835820895522
"1432-FPAXX","Female","Month-to-month","1-1",0.214446576531766,210,0.429487179487179,1,2.32835820895522
"3884-HCSWG","Female","Month-to-month","1-1",0.24695967631536,211,0.429487179487179,1,2.32835820895522
"2919-HBCJO","Female","Month-to-month","1-1",0.679090290750551,212,0.429487179487179,1,2.32835820895522
"8149-RSOUN","Female","Month-to-month","1-1",0.70375163368838,213,0.429487179487179,1,2.32835820895522
"5519-NPHVG","Female","Month-to-month","1-1",0.706344952965628,215,0.429487179487179,1,2.32835820895522
"9620-ENEJV","Female","Month-to-month","1-1",0.45003416545916,216,0.429487179487179,1,2.32835820895522
"5498-TXHLF","Female","Month-to-month","1-1",0.307656109815315,217,0.429487179487179,1,2.32835820895522
"6818-DJXAA","Female","Month-to-month","1-1",0.647015233433941,218,0.429487179487179,1,2.32835820895522
"1640-PLFMP","Female","Month-to-month","1-1",0.757540772290227,219,0.429487179487179,1,2.32835820895522
"5366-OBVMR","Female","Month-to-month","1-1",0.263388440432681,220,0.429487179487179,1,2.32835820895522
"0897-FEGMU","Female","Month-to-month","1-1",0.726468033733545,221,0.429487179487179,1,2.32835820895522
"3891-PUQOD","Female","Month-to-month","1-1",0.42168697284285,222,0.429487179487179,1,2.32835820895522
"8659-HDIYE","Female","Month-to-month","1-1",0.412209747102436,223,0.429487179487179,1,2.32835820895522
"5519-YLDGW","Female","Month-to-month","1-1",0.532024488437661,224,0.429487179487179,1,2.32835820895522
"4951-UKAAQ","Female","Month-to-month","1-1",0.579577200199067,225,0.429487179487179,1,2.32835820895522
"8566-YPRGL","Female","Month-to-month","1-1",0.298761354568253,226,0.429487179487179,1,2.32835820895522
"4840-ORQXB","Female","Month-to-month","1-1",0.330126012033779,227,0.429487179487179,1,2.32835820895522
"7339-POGZN","Female","Month-to-month","1-1",0.460103610976093,228,0.429487179487179,1,2.32835820895522
"5569-KGJHX","Female","Month-to-month","1-1",0.612204760138147,229,0.429487179487179,1,2.32835820895522
"1703-MGIAB","Female","Month-to-month","1-1",0.259825310627795,231,0.429487179487179,1,2.32835820895522
"1670-SVOWZ","Female","Month-to-month","1-1",0.661956941994506,236,0.429487179487179,1,2.32835820895522
"1730-ZMAME","Female","Month-to-month","1-1",0.417212609706145,237,0.429487179487179,1,2.32835820895522
"4634-JLRJT","Female","Month-to-month","1-1",0.350883373545929,238,0.429487179487179,1,2.32835820895522
"2260-USTRB","Female","Month-to-month","1-1",0.714261263903131,239,0.429487179487179,1,2.32835820895522
"7925-PNRGI","Female","Month-to-month","1-1",0.327790199772291,240,0.429487179487179,1,2.32835820895522
"3038-PQIUY","Female","Month-to-month","1-1",0.257964900780974,241,0.429487179487179,1,2.32835820895522
"2612-RANWT","Female","Month-to-month","1-1",0.715040288731378,242,0.429487179487179,1,2.32835820895522
"3878-AVSOQ","Female","Month-to-month","1-1",0.729300630093915,243,0.429487179487179,1,2.32835820895522
"0612-RTZZA","Female","Month-to-month","1-1",0.592924561765904,244,0.429487179487179,1,2.32835820895522
"3604-WLABM","Female","Month-to-month","1-1",0.27596901509705,245,0.429487179487179,1,2.32835820895522
"3194-ORPIK","Female","Month-to-month","1-1",0.280666803040551,246,0.429487179487179,1,2.32835820895522
"6088-BXMRG","Female","Month-to-month","1-1",0.379900039087776,247,0.429487179487179,1,2.32835820895522
"4821-SJHJV","Female","Month-to-month","1-1",0.31376215608998,248,0.429487179487179,1,2.32835820895522
"4818-QIUFN","Female","Month-to-month","1-1",0.642988902654667,249,0.429487179487179,1,2.32835820895522
"0508-OOLTO","Female","Month-to-month","1-1",0.652730161035149,251,0.429487179487179,1,2.32835820895522
"1814-DKOLC","Female","Month-to-month","1-1",0.333989077049201,252,0.429487179487179,1,2.32835820895522
"8614-VGMMV","Female","Month-to-month","1-1",0.292402451755951,253,0.429487179487179,1,2.32835820895522
"1833-VGRUM","Female","Month-to-month","1-1",0.755247093517694,254,0.429487179487179,1,2.32835820895522
"1194-HVAIF","Female","Month-to-month","1-1",0.39127403187275,255,0.429487179487179,1,2.32835820895522
"4817-VYYWS","Female","Month-to-month","1-1",0.402403492624262,256,0.429487179487179,1,2.32835820895522
"4521-YEEHE","Female","Month-to-month","1-1",0.573786501089648,258,0.429487179487179,1,2.32835820895522
"4505-EXZHB","Female","Month-to-month","1-1",0.624303785164982,259,0.429487179487179,1,2.32835820895522
"8972-HJWNV","Female","Month-to-month","1-1",0.687189009756646,260,0.429487179487179,1,2.32835820895522
"5276-KQWHG","Female","Month-to-month","1-1",0.706041878212188,261,0.429487179487179,1,2.32835820895522
"3329-WDIOK","Female","Month-to-month","1-1",0.49396975593818,263,0.429487179487179,1,2.32835820895522
"3045-XETSH","Female","Month-to-month","1-1",0.707853502579146,264,0.429487179487179,1,2.32835820895522
"0916-QOFDP","Female","Month-to-month","1-1",0.650280714478808,265,0.429487179487179,1,2.32835820895522
"5606-AMZBO","Female","Month-to-month","1-1",0.463627134285861,266,0.429487179487179,1,2.32835820895522
"4282-YMKNA","Female","Month-to-month","1-1",0.462403287962174,267,0.429487179487179,1,2.32835820895522
"0829-XXPLX","Female","Month-to-month","1-1",0.463447619393546,268,0.429487179487179,NA,2.32835820895522
"4826-TZEVA","Female","Month-to-month","1-1",0.354372015848799,269,0.429487179487179,NA,2.32835820895522
"3452-GWUIN","Female","Month-to-month","1-1",0.598951706885,270,0.429487179487179,NA,2.32835820895522
"6917-YACBP","Female","Month-to-month","1-1",0.332712152396667,271,0.429487179487179,NA,2.32835820895522
"3663-MITLP","Female","Month-to-month","1-1",0.623531697592566,272,0.429487179487179,NA,2.32835820895522
"4902-OHLSK","Female","Month-to-month","1-1",0.580785347999663,274,0.429487179487179,NA,2.32835820895522
"3737-GCSPV","Female","Month-to-month","1-1",0.722995799230507,275,0.429487179487179,NA,2.32835820895522
"6288-LBEAR","Female","Month-to-month","1-1",0.394505117897661,281,0.429487179487179,NA,2.32835820895522
"1101-SSWAG","Female","Month-to-month","1-1",0.299353920605627,283,0.429487179487179,NA,2.32835820895522
"2979-SXESE","Female","Month-to-month","1-1",0.574860381054654,284,0.429487179487179,NA,2.32835820895522
"6121-VZNQB","Female","Month-to-month","1-1",0.252184501225706,285,0.429487179487179,NA,2.32835820895522
"0096-BXERS","Female","Month-to-month","1-1",0.41662422577517,286,0.429487179487179,NA,2.32835820895522
"9133-AYJZG","Female","Month-to-month","1-1",0.456800803116016,287,0.429487179487179,NA,2.32835820895522
"8212-CRQXP","Female","Month-to-month","1-1",0.413486500681113,288,0.429487179487179,NA,2.32835820895522
"2057-ZBLPD","Female","Month-to-month","1-1",0.422062982798577,289,0.429487179487179,NA,2.32835820895522
"5215-LNLDJ","Female","Month-to-month","1-1",0.338344664142315,290,0.429487179487179,NA,2.32835820895522
"7576-JMYWV","Female","Month-to-month","1-1",0.484833992292283,291,0.429487179487179,NA,2.32835820895522
"0848-ZGQIJ","Female","Month-to-month","1-1",0.63204450475832,292,0.429487179487179,NA,2.32835820895522
"8630-FJLIB","Female","Month-to-month","1-1",0.222634879724444,293,0.429487179487179,NA,2.32835820895522
"2672-OJQZP","Female","Month-to-month","1-1",0.493015225040601,294,0.429487179487179,NA,2.32835820895522
"8280-MQRQN","Female","Month-to-month","1-1",0.514722571871605,295,0.429487179487179,NA,2.32835820895522
"3178-FESZO","Female","Month-to-month","1-1",0.763540578942266,296,0.429487179487179,NA,2.32835820895522
"4693-VWVBO","Female","Month-to-month","1-1",0.200248869082144,297,0.429487179487179,NA,2.32835820895522
"6178-KFNHS","Female","Month-to-month","1-1",0.449775148584692,298,0.429487179487179,NA,2.32835820895522
"2012-NWRPA","Female","Month-to-month","1-1",0.760841099012099,301,0.429487179487179,NA,2.32835820895522
"9688-YGXVR","Female","Month-to-month","1-1",0.252677642269627,302,0.429487179487179,NA,2.32835820895522
"9058-CBREO","Female","Month-to-month","1-1",0.526537693406543,303,0.429487179487179,NA,2.32835820895522
"9415-TPKRV","Female","Month-to-month","1-1",0.225192243576138,305,0.429487179487179,NA,2.32835820895522
"6377-WHAOX","Female","Month-to-month","1-1",0.315950400881419,306,0.429487179487179,NA,2.32835820895522
"4760-XOHVN","Female","Month-to-month","1-1",0.293767104322373,308,0.429487179487179,NA,2.32835820895522
"9895-VFOXH","Female","Month-to-month","1-1",0.411017037864479,309,0.429487179487179,NA,2.32835820895522
"3540-RZJYU","Female","Month-to-month","1-1",0.546471237193296,310,0.429487179487179,NA,2.32835820895522
"3393-FMZPV","Female","Month-to-month","1-1",0.469280071655349,313,0.429487179487179,NA,2.32835820895522
"6402-ZFPPI","Female","Month-to-month","1-1",0.610495157364684,314,0.429487179487179,NA,2.32835820895522
"0504-HHAPI","Female","Month-to-month","1-1",0.532776572427449,315,0.429487179487179,NA,2.32835820895522
"3791-LGQCY","Female","Month-to-month","1-1",0.331790295033977,316,0.429487179487179,NA,2.32835820895522
"6595-COKXZ","Female","Month-to-month","1-1",0.486335193615986,317,0.429487179487179,NA,2.32835820895522
"6583-KQJLK","Female","Month-to-month","1-1",0.648074575377746,318,0.429487179487179,NA,2.32835820895522
"0480-BIXDE","Female","Month-to-month","1-1",0.496724868080549,319,0.429487179487179,NA,2.32835820895522
"8631-WUXGY","Female","Month-to-month","1-1",0.424875818310588,320,0.429487179487179,NA,2.32835820895522
"1600-DILPE","Female","Month-to-month","1-1",0.287418741241721,322,0.429487179487179,NA,2.32835820895522
"0584-BJQGZ","Female","Month-to-month","1-1",0.362261598203027,323,0.429487179487179,NA,2.32835820895522
"5730-RIITO","Female","Month-to-month","1-1",0.436980444959033,324,0.429487179487179,NA,2.32835820895522
"5380-AFSSK","Female","Month-to-month","1-1",0.715035500085063,325,0.429487179487179,NA,2.32835820895522
"1565-RHDJD","Female","Month-to-month","1-1",0.710828893216158,327,0.429487179487179,NA,2.32835820895522
"2436-QBZFP","Female","Month-to-month","1-1",0.260507540517089,328,0.429487179487179,NA,2.32835820895522
"3420-YJLQT","Female","Month-to-month","1-1",0.839400986291887,329,0.429487179487179,NA,2.32835820895522
"5378-IKEEG","Female","Month-to-month","1-1",0.563804869265782,330,0.429487179487179,NA,2.32835820895522
"3898-GUYTS","Female","Month-to-month","1-1",0.506516978739404,331,0.429487179487179,NA,2.32835820895522
"7088-FBAWU","Female","Month-to-month","1-1",0.242914580597458,332,0.429487179487179,NA,2.32835820895522
"4855-SNKMY","Female","Month-to-month","1-1",0.480075550815812,334,0.429487179487179,NA,2.32835820895522
"1862-SKORY","Female","Month-to-month","1-1",0.405803743401235,335,0.429487179487179,NA,2.32835820895522
"9699-UBQFS","Female","Month-to-month","1-1",0.453067027130064,336,0.429487179487179,NA,2.32835820895522
"0708-SJDIS","Female","Month-to-month","1-1",0.230222291815015,337,0.429487179487179,NA,2.32835820895522
"1848-LBZHY","Female","Month-to-month","1-1",0.403900878153667,338,0.429487179487179,NA,2.32835820895522
"7252-NTGSS","Female","Month-to-month","1-1",0.502828773639479,339,0.429487179487179,NA,2.32835820895522
"6133-OZILE","Female","Month-to-month","1-1",0.352476724103965,340,0.429487179487179,NA,2.32835820895522
"6034-YMTOB","Female","Month-to-month","1-1",0.619133859264955,342,0.429487179487179,NA,2.32835820895522
"1156-ZFYDO","Female","Month-to-month","1-1",0.340586203672985,344,0.429487179487179,NA,2.32835820895522
"9874-QLCLH","Female","Month-to-month","1-1",0.564293076608056,346,0.429487179487179,NA,2.32835820895522
"6135-OZQVA","Female","Month-to-month","1-1",0.248154451697793,347,0.429487179487179,NA,2.32835820895522
"3566-VVORZ","Female","Month-to-month","1-1",0.296277985725979,348,0.429487179487179,NA,2.32835820895522
"0947-IDHRQ","Female","Month-to-month","1-1",0.658852023455989,349,0.429487179487179,NA,2.32835820895522
"3776-EKTKM","Female","Month-to-month","1-1",0.571764431503083,350,0.429487179487179,NA,2.32835820895522
"6233-HXJMX","Female","Month-to-month","1-1",0.230496984718639,352,0.429487179487179,NA,2.32835820895522
"8485-GJCDN","Female","Month-to-month","1-1",0.640490895468124,354,0.429487179487179,NA,2.32835820895522
"0345-HKJVM","Female","Month-to-month","1-1",0.613351693517686,355,0.429487179487179,NA,2.32835820895522
"0997-YTLNY","Female","Month-to-month","1-1",0.218068763273698,357,0.429487179487179,NA,2.32835820895522
"4273-MBHYA","Female","Month-to-month","1-1",0.649232704025573,359,0.429487179487179,NA,2.32835820895522
"7932-WPTDS","Female","Month-to-month","1-1",0.593089909730167,361,0.429487179487179,NA,2.32835820895522
"6833-JMZYP","Female","Month-to-month","1-1",0.612006669842595,362,0.429487179487179,NA,2.32835820895522
"1597-FZREH","Female","Month-to-month","1-1",0.726896987654006,364,0.429487179487179,NA,2.32835820895522
"7000-WCEVQ","Female","Month-to-month","1-1",0.238233838026141,365,0.429487179487179,NA,2.32835820895522
"9496-IVVRP","Female","Month-to-month","1-1",0.287446532812131,367,0.429487179487179,NA,2.32835820895522
"6437-UKHMV","Female","Month-to-month","1-1",0.612123921960843,368,0.429487179487179,NA,2.32835820895522
"3002-WQZWT","Female","Month-to-month","1-1",0.206525645642481,369,0.429487179487179,NA,2.32835820895522
"0196-VULGZ","Female","Month-to-month","1-1",0.710312390570406,370,0.429487179487179,NA,2.32835820895522
"6646-JPPHA","Female","Month-to-month","1-1",0.709252658047093,372,0.429487179487179,NA,2.32835820895522
"9611-CTWIH","Female","Month-to-month","1-1",0.571418729044835,373,0.429487179487179,NA,2.32835820895522
"8023-QHAIO","Female","Month-to-month","1-1",0.420820654779441,374,0.429487179487179,NA,2.32835820895522
"5982-FPVQN","Female","Month-to-month","1-1",0.260597483587763,376,0.429487179487179,NA,2.32835820895522
"2460-FPSYH","Female","Month-to-month","1-1",0.23856003653073,377,0.429487179487179,NA,2.32835820895522
"6821-BUXUX","Female","Month-to-month","1-1",0.720531282089337,378,0.429487179487179,NA,2.32835820895522
"7502-BNYGS","Female","Month-to-month","1-1",0.22276971676167,379,0.429487179487179,NA,2.32835820895522
"9752-ZNQUT","Female","Month-to-month","1-1",0.480501518951292,380,0.429487179487179,NA,2.32835820895522
"0875-CABNR","Female","Month-to-month","1-1",0.699059723172292,381,0.429487179487179,NA,2.32835820895522
"4797-AXPXK","Female","Month-to-month","1-1",0.409197715112114,382,0.429487179487179,NA,2.32835820895522
"7072-MBHEV","Female","Month-to-month","1-1",0.658996664469809,384,0.429487179487179,NA,2.32835820895522
"3096-JRDSO","Female","Month-to-month","1-1",0.560920790624267,385,0.429487179487179,NA,2.32835820895522
"2398-YPMUR","Female","Month-to-month","1-1",0.481918577867194,386,0.429487179487179,NA,2.32835820895522
"5539-HIVAK","Female","Month-to-month","1-1",0.545559626146887,387,0.429487179487179,NA,2.32835820895522
"9985-MWVIX","Female","Month-to-month","1-1",0.766294551641956,388,0.429487179487179,NA,2.32835820895522
"6711-VTNRE","Female","Month-to-month","1-1",0.310240113511489,391,0.429487179487179,NA,2.32835820895522
"0374-IOEGQ","Female","Month-to-month","1-1",0.474117697657315,392,0.429487179487179,NA,2.32835820895522
"9507-EXLTT","Female","Month-to-month","1-1",0.875670174405423,393,0.429487179487179,NA,2.32835820895522
"2969-QWUBZ","Female","Month-to-month","1-1",0.526212878867327,394,0.429487179487179,NA,2.32835820895522
"2905-KFQUV","Female","Month-to-month","1-1",0.569513690665037,396,0.429487179487179,NA,2.32835820895522
"4581-SSPWD","Female","Month-to-month","1-1",0.689175709113613,397,0.429487179487179,NA,2.32835820895522
"3640-PHQXK","Female","Month-to-month","1-1",0.328726841618665,402,0.429487179487179,NA,2.32835820895522
"0239-OXEXL","Female","Month-to-month","1-1",0.29320810216155,403,0.429487179487179,NA,2.32835820895522
"3055-OYMSE","Female","Month-to-month","1-1",0.394842625110562,405,0.429487179487179,NA,2.32835820895522
"3945-GFWQL","Female","Month-to-month","1-1",0.294434610015448,406,0.429487179487179,NA,2.32835820895522
"9812-GHVRI","Female","Month-to-month","1-1",0.325096111805289,409,0.429487179487179,NA,2.32835820895522
"4009-ALQFH","Female","Month-to-month","1-1",0.463086624503247,411,0.429487179487179,NA,2.32835820895522
"0118-JPNOY","Female","Month-to-month","1-1",0.508003008051456,412,0.429487179487179,NA,2.32835820895522
"3427-GGZZI","Female","Month-to-month","1-1",0.568070867475967,413,0.429487179487179,NA,2.32835820895522
"2220-IAHLS","Female","Month-to-month","1-1",0.28851062488957,414,0.429487179487179,NA,2.32835820895522
"3296-SILRA","Female","Month-to-month","1-1",0.806401592060289,415,0.429487179487179,NA,2.32835820895522
"3278-FSIXX","Female","Month-to-month","1-1",0.502991468695651,417,0.429487179487179,NA,2.32835820895522
"4342-HENTK","Female","Month-to-month","1-1",0.710862131015145,418,0.429487179487179,NA,2.32835820895522
"2754-XBHTB","Female","Month-to-month","1-1",0.433854980616642,419,0.429487179487179,NA,2.32835820895522
"8873-GLDMH","Female","Month-to-month","1-1",0.636595934202398,421,0.429487179487179,NA,2.32835820895522
"4558-FANTW","Female","Month-to-month","1-1",0.595845832636953,422,0.429487179487179,NA,2.32835820895522
"9921-QFQUL","Female","Month-to-month","1-1",0.443611013745739,423,0.429487179487179,NA,2.32835820895522
"7798-JVXYM","Female","Month-to-month","1-1",0.286698397492734,424,0.429487179487179,NA,2.32835820895522
"9286-DOJGF","Female","Month-to-month","1-1",0.381139865876553,425,0.429487179487179,NA,2.32835820895522
"6048-QBXKL","Female","Month-to-month","1-1",0.520291414573693,426,0.429487179487179,NA,2.32835820895522
"9894-EZEWG","Female","Month-to-month","1-1",0.698631155693049,427,0.429487179487179,NA,2.32835820895522
"9776-CLUJA","Female","Month-to-month","1-1",0.409675882108854,428,0.429487179487179,NA,2.32835820895522
"0939-EREMR","Female","Month-to-month","1-1",0.337020162384374,429,0.429487179487179,NA,2.32835820895522
"2100-BDNSN","Female","Month-to-month","1-1",0.431314630745105,430,0.429487179487179,NA,2.32835820895522
"5889-LFOLL","Female","Month-to-month","1-1",0.43268509554292,432,0.429487179487179,NA,2.32835820895522
"5708-EVONK","Female","Month-to-month","1-1",0.268089198406678,433,0.429487179487179,NA,2.32835820895522
"8708-XPXHZ","Female","Month-to-month","1-1",0.233658177755729,434,0.429487179487179,NA,2.32835820895522
"1465-VINDH","Female","Month-to-month","1-1",0.693288641568224,435,0.429487179487179,NA,2.32835820895522
"3411-WLRSQ","Female","Month-to-month","1-1",0.71995058368623,436,0.429487179487179,NA,2.32835820895522
"0872-NXJYS","Female","Month-to-month","1-1",0.546569573965169,437,0.429487179487179,NA,2.32835820895522
"3798-EPWRR","Female","Month-to-month","1-1",0.540337941216726,438,0.429487179487179,NA,2.32835820895522
"8591-NXRCV","Female","Month-to-month","1-1",0.334592079098464,439,0.429487179487179,NA,2.32835820895522
"3545-CNWRG","Female","Month-to-month","1-1",0.440453605422613,441,0.429487179487179,NA,2.32835820895522
"6230-BSUXY","Female","Month-to-month","1-1",0.810043648069747,444,0.429487179487179,NA,2.32835820895522
"0970-QXPXW","Female","Month-to-month","1-1",0.318811289863865,446,0.429487179487179,NA,2.32835820895522
"9940-HPQPG","Female","Month-to-month","1-1",0.660136207430844,447,0.429487179487179,NA,2.32835820895522
"8930-XOTDP","Female","Month-to-month","1-1",0.242157680733384,449,0.429487179487179,NA,2.32835820895522
"9079-YEXQJ","Female","Month-to-month","1-1",0.306459778791853,450,0.429487179487179,NA,2.32835820895522
"4501-EQDRN","Female","Month-to-month","1-1",0.808310381315129,451,0.429487179487179,NA,2.32835820895522
"7853-OETYL","Female","Month-to-month","1-1",0.303297662599741,453,0.429487179487179,NA,2.32835820895522
"6211-WHMYA","Female","Month-to-month","1-1",0.270953450225532,454,0.429487179487179,NA,2.32835820895522
"9108-EJFJP","Female","Month-to-month","1-1",0.522277701615339,455,0.429487179487179,NA,2.32835820895522
"1564-NTYXF","Female","Month-to-month","1-1",0.732234761635281,456,0.429487179487179,NA,2.32835820895522
"0886-QGENL","Female","Month-to-month","1-1",0.596309451751332,457,0.429487179487179,NA,2.32835820895522
"7789-CRUVC","Female","Month-to-month","1-1",0.308319165795053,458,0.429487179487179,NA,2.32835820895522
"0928-XUTSN","Female","Month-to-month","1-1",0.451188142750145,460,0.429487179487179,NA,2.32835820895522
"5482-NUPNA","Female","Month-to-month","1-1",0.279394900824459,462,0.429487179487179,NA,2.32835820895522
"1471-GIQKQ","Female","Month-to-month","1-1",0.502453055148398,464,0.429487179487179,NA,2.32835820895522
"1035-IPQPU","Female","Month-to-month","1-1",0.315171114596526,465,0.429487179487179,NA,2.32835820895522
"8775-CEBBJ","Female","Month-to-month","1-1",0.294191585152434,467,0.429487179487179,NA,2.32835820895522
"4801-JZAZL","Female","Month-to-month","1-1",0.246994747941224,468,0.429487179487179,NA,2.32835820895522
"2673-CXQEU","Female","One year","1-2",0.290543637052488,469,0.422222222222222,NA,2.36842105263158
"7251-LJBQN","Female","One year","1-2",0.224275490923415,472,0.422222222222222,NA,2.36842105263158
"5285-MVEHD","Female","One year","1-2",0.324643470936953,474,0.422222222222222,NA,2.36842105263158
"9036-CSKBW","Female","One year","1-2",0.286717674466099,475,0.422222222222222,NA,2.36842105263158
"8152-UOBNY","Female","One year","1-2",0.300606056465065,478,0.422222222222222,NA,2.36842105263158
"7188-CBBBA","Female","One year","1-2",0.22861378330162,479,0.422222222222222,NA,2.36842105263158
"8894-JVDCV","Female","One year","1-2",0.207189128943481,480,0.422222222222222,NA,2.36842105263158
"1135-HIORI","Female","One year","1-2",0.208679406805395,482,0.422222222222222,NA,2.36842105263158
"4837-QUSFT","Female","One year","1-2",0.203774392757597,483,0.422222222222222,NA,2.36842105263158
"1229-RCALF","Female","One year","1-2",0.222175063834472,484,0.422222222222222,NA,2.36842105263158
"2931-XIQBR","Female","One year","1-2",0.240856028916682,485,0.422222222222222,NA,2.36842105263158
"8715-KKTFG","Female","One year","1-2",0.245469669747434,486,0.422222222222222,NA,2.36842105263158
"4488-KQFDT","Female","One year","1-2",0.266183015555591,490,0.422222222222222,NA,2.36842105263158
"0512-FLFDW","Female","One year","1-2",0.256539424335623,491,0.422222222222222,NA,2.36842105263158
"3786-WOVKF","Female","One year","1-2",0.214090369826239,492,0.422222222222222,NA,2.36842105263158
"6199-IWKGC","Female","One year","1-2",0.227232525464401,493,0.422222222222222,NA,2.36842105263158
"7629-WFGLW","Female","One year","1-2",0.208035592006553,494,0.422222222222222,NA,2.36842105263158
"0103-CSITQ","Female","One year","1-2",0.289571650454054,495,0.422222222222222,NA,2.36842105263158
"0471-ARVMX","Female","One year","1-2",0.262496918448721,496,0.422222222222222,NA,2.36842105263158
"1360-XFJMR","Female","One year","1-2",0.206998174019759,497,0.422222222222222,NA,2.36842105263158
"1644-IRKSF","Female","One year","1-2",0.214330601645278,498,0.422222222222222,NA,2.36842105263158
"0786-IVLAW","Female","One year","1-2",0.225690308692394,499,0.422222222222222,NA,2.36842105263158
"3642-GKTCT","Female","One year","1-2",0.202531560637165,501,0.422222222222222,NA,2.36842105263158
"8133-ANHHJ","Female","One year","1-2",0.264179583129996,503,0.422222222222222,NA,2.36842105263158
"2325-WINES","Female","One year","1-2",0.249240870014988,504,0.422222222222222,NA,2.36842105263158
"6777-TGHTM","Female","One year","1-2",0.298210153237662,505,0.422222222222222,NA,2.36842105263158
"3229-USWAR","Female","One year","1-2",0.216997252093787,506,0.422222222222222,NA,2.36842105263158
"6198-PNNSZ","Female","One year","1-2",0.29354133261792,507,0.422222222222222,NA,2.36842105263158
"0725-CXOTM","Female","One year","1-2",0.200529504708406,508,0.422222222222222,NA,2.36842105263158
"0864-FVJNJ","Female","One year","1-2",0.20829147704133,509,0.422222222222222,NA,2.36842105263158
"2696-ECXKC","Female","One year","1-2",0.213250592386997,510,0.422222222222222,NA,2.36842105263158
"6728-VOIFY","Female","One year","1-2",0.236153887368906,511,0.422222222222222,NA,2.36842105263158
"5481-NTDOH","Female","One year","1-2",0.227059865463929,512,0.422222222222222,NA,2.36842105263158
"1545-ACTAS","Female","One year","1-2",0.201744072357562,513,0.422222222222222,NA,2.36842105263158
"8665-UTDHZ","Male","Month-to-month","2-1",0.348343975189181,514,0.429718875502008,3,2.32710280373832
"6047-YHPVI","Male","Month-to-month","2-1",0.507905327760515,515,0.429718875502008,3,2.32710280373832
"1658-BYGOY","Male","Month-to-month","2-1",0.603928593774321,516,0.429718875502008,3,2.32710280373832
"7410-OIEDU","Male","Month-to-month","2-1",0.504910524937937,517,0.429718875502008,3,2.32710280373832
"2424-WVHPL","Male","Month-to-month","2-1",0.764343728045781,520,0.429718875502008,3,2.32710280373832
"6380-ARCEH","Male","Month-to-month","2-1",0.388139089079758,521,0.429718875502008,3,2.32710280373832
"3930-ZGWVE","Male","Month-to-month","2-1",0.340586203672985,522,0.429718875502008,3,2.32710280373832
"3091-FYHKI","Male","Month-to-month","2-1",0.550215481246551,523,0.429718875502008,3,2.32710280373832
"2135-RXIHG","Male","Month-to-month","2-1",0.517966017128475,524,0.429718875502008,3,2.32710280373832
"3445-HXXGF","Male","Month-to-month","2-1",0.269882848254516,525,0.429718875502008,3,2.32710280373832
"8167-GJLRN","Male","Month-to-month","2-1",0.349848897723124,526,0.429718875502008,3,2.32710280373832
"9142-KZXOP","Male","Month-to-month","2-1",0.260606974160648,527,0.429718875502008,3,2.32710280373832
"3316-UWXUY","Male","Month-to-month","2-1",0.28487538707149,528,0.429718875502008,3,2.32710280373832
"0322-YINQP","Male","Month-to-month","2-1",0.481287824473071,530,0.429718875502008,3,2.32710280373832
"6366-ZGQGL","Male","Month-to-month","2-1",0.394799915243225,531,0.429718875502008,3,2.32710280373832
"4716-HHKQH","Male","Month-to-month","2-1",0.632331686188351,532,0.429718875502008,3,2.32710280373832
"6432-TWQLB","Male","Month-to-month","2-1",0.775296931811746,534,0.429718875502008,3,2.32710280373832
"5583-SXDAG","Male","Month-to-month","2-1",0.77685405405658,536,0.429718875502008,3,2.32710280373832
"3580-REOAC","Male","Month-to-month","2-1",0.299138411054695,538,0.429718875502008,3,2.32710280373832
"2985-JUUBZ","Male","Month-to-month","2-1",0.341184099162807,540,0.429718875502008,3,2.32710280373832
"2840-XANRC","Male","Month-to-month","2-1",0.618741178088683,542,0.429718875502008,3,2.32710280373832
"6745-JEFZB","Male","Month-to-month","2-1",0.21335536464714,543,0.429718875502008,3,2.32710280373832
"0219-YTZUE","Male","Month-to-month","2-1",0.756637349301527,544,0.429718875502008,3,2.32710280373832
"9057-MSWCO","Male","Month-to-month","2-1",0.524040864842568,545,0.429718875502008,3,2.32710280373832
"0259-GBZSH","Male","Month-to-month","2-1",0.762062006221354,546,0.429718875502008,3,2.32710280373832
"5522-JBWMO","Male","Month-to-month","2-1",0.478111522920395,547,0.429718875502008,3,2.32710280373832
"9774-NRNAU","Male","Month-to-month","2-1",0.485131360661591,548,0.429718875502008,3,2.32710280373832
"0111-KLBQG","Male","Month-to-month","2-1",0.555887271248343,549,0.429718875502008,3,2.32710280373832
"3577-AMVUX","Male","Month-to-month","2-1",0.485218147889753,551,0.429718875502008,3,2.32710280373832
"5168-MSWXT","Male","Month-to-month","2-1",0.710206837692336,552,0.429718875502008,3,2.32710280373832
"0880-TKATG","Male","Month-to-month","2-1",0.756201422964833,553,0.429718875502008,3,2.32710280373832
"3811-VBYBZ","Male","Month-to-month","2-1",0.72978066394854,554,0.429718875502008,3,2.32710280373832
"3780-DDGSE","Male","Month-to-month","2-1",0.384157370717314,555,0.429718875502008,3,2.32710280373832
"9412-GHEEC","Male","Month-to-month","2-1",0.487981204612957,556,0.429718875502008,3,2.32710280373832
"4234-XTNEA","Male","Month-to-month","2-1",0.81301204175354,557,0.429718875502008,3,2.32710280373832
"5348-CAGXB","Male","Month-to-month","2-1",0.605653001742136,558,0.429718875502008,3,2.32710280373832
"1342-JPNKI","Male","Month-to-month","2-1",0.544446529234276,559,0.429718875502008,3,2.32710280373832
"2817-NTQDO","Male","Month-to-month","2-1",0.283016776175376,560,0.429718875502008,3,2.32710280373832
"3716-UVSPD","Male","Month-to-month","2-1",0.493141482620286,561,0.429718875502008,3,2.32710280373832
"6522-YRBXD","Male","Month-to-month","2-1",0.460008825551168,562,0.429718875502008,3,2.32710280373832
"1626-ERCMM","Male","Month-to-month","2-1",0.607005024408894,564,0.429718875502008,3,2.32710280373832
"0887-HJGAR","Male","Month-to-month","2-1",0.519829031806404,565,0.429718875502008,3,2.32710280373832
"0823-HSCDJ","Male","Month-to-month","2-1",0.263455870475205,568,0.429718875502008,3,2.32710280373832
"1029-QFBEN","Male","Month-to-month","2-1",0.304053227005205,570,0.429718875502008,3,2.32710280373832
"9944-AEXBM","Male","Month-to-month","2-1",0.298390385828061,571,0.429718875502008,3,2.32710280373832
"6952-OMNWB","Male","Month-to-month","2-1",0.344949525216483,572,0.429718875502008,3,2.32710280373832
"1589-AGTLK","Male","Month-to-month","2-1",0.484946632379892,573,0.429718875502008,3,2.32710280373832
"5138-WVKYJ","Male","Month-to-month","2-1",0.738307347697173,574,0.429718875502008,3,2.32710280373832
"1410-RSCMR","Male","Month-to-month","2-1",0.44405786718962,575,0.429718875502008,3,2.32710280373832
"6683-VLCTZ","Male","Month-to-month","2-1",0.629275298410739,576,0.429718875502008,3,2.32710280373832
"5173-WXOQV","Male","Month-to-month","2-1",0.365812893928162,577,0.429718875502008,3,2.32710280373832
"4289-DTDKW","Male","Month-to-month","2-1",0.442974043602719,578,0.429718875502008,NA,2.32710280373832
"4785-NKHCX","Male","Month-to-month","2-1",0.591107550292012,579,0.429718875502008,NA,2.32710280373832
"8713-IGZSO","Male","Month-to-month","2-1",0.38042198653685,581,0.429718875502008,NA,2.32710280373832
"3804-RVTGV","Male","Month-to-month","2-1",0.484237087653612,583,0.429718875502008,NA,2.32710280373832
"7028-DVOIQ","Male","Month-to-month","2-1",0.480956148697904,585,0.429718875502008,NA,2.32710280373832
"5382-SOYZL","Male","Month-to-month","2-1",0.40332215243297,586,0.429718875502008,NA,2.32710280373832
"9448-REEVD","Male","Month-to-month","2-1",0.491741183459746,587,0.429718875502008,NA,2.32710280373832
"8388-FYNPZ","Male","Month-to-month","2-1",0.330585250605646,588,0.429718875502008,NA,2.32710280373832
"2826-DXLQO","Male","Month-to-month","2-1",0.577234757666719,589,0.429718875502008,NA,2.32710280373832
"8919-FYFQZ","Male","Month-to-month","2-1",0.468123977631945,590,0.429718875502008,NA,2.32710280373832
"4695-VADHF","Male","Month-to-month","2-1",0.245316224125396,592,0.429718875502008,NA,2.32710280373832
"3748-FVMZZ","Male","Month-to-month","2-1",0.53177569928059,593,0.429718875502008,NA,2.32710280373832
"7029-RPUAV","Male","Month-to-month","2-1",0.657568114542549,595,0.429718875502008,NA,2.32710280373832
"7439-DKZTW","Male","Month-to-month","2-1",0.840000570937254,596,0.429718875502008,NA,2.32710280373832
"0927-LCSMG","Male","Month-to-month","2-1",0.505472504834637,597,0.429718875502008,NA,2.32710280373832
